category_id,category_name,category_description
1,Category 1,Line baby senior.
2,Category 2,Down commercial owner strategy pass never.
3,Category 3,Yard beyond collection many gas large.
4,Category 4,Agree shoulder success out building.
5,Category 5,Image letter in sea.
6,Category 6,Where range worry you war.
7,Category 7,Try window check back away everybody trouble local.
8,Category 8,Grow southern worker question manager alone that the.
9,Category 9,Attention they energy production old.
10,Category 10,Finally raise artist include.
11,Category 11,View give side standard create.
12,Category 12,Method her other beat top threat technology.
13,Category 13,Property themselves water home authority sit.
14,Category 14,Cup walk Republican scientist deep.
15,Category 15,Even arm second once.
16,Category 16,Building necessary season generation everything recently huge.
17,Category 17,Cultural camera production impact.
18,Category 18,Play glass record.
19,Category 19,Network here movie life strategy.
20,Category 20,War total computer city interesting modern raise cultural.
21,Category 21,Ever side option wrong talk.
22,Category 22,Should sit power great generation.
23,Category 23,Follow price knowledge including heart manager education.
24,Category 24,Let require economy pick game this.
25,Category 25,View door else dream drive society will.
26,Category 26,Consider anyone star price.
27,Category 27,Respond better last possible method.
28,Category 28,Change seven always decade fine.
29,Category 29,Article structure body actually smile experience end in.
30,Category 30,Specific method partner fall fight.
31,Category 31,Six summer care dream matter later employee.
32,Category 32,Form training serious southern hour both.
33,Category 33,Over have leader born.
34,Category 34,Give newspaper gas impact method these argue.
35,Category 35,Issue state sing early know health prove.
36,Category 36,For dream serve thought.
37,Category 37,Film I middle radio.
38,Category 38,Guy fact parent guy you computer go worry.
39,Category 39,Factor form service allow state government.
40,Category 40,Fill marriage morning whole TV.
41,Category 41,Challenge rule local dinner hospital build.
42,Category 42,Fast information their turn spend seem measure.
43,Category 43,Course one relate look.
44,Category 44,Shoulder hair job dream class box begin.
45,Category 45,Fund ahead available public wife whose want.
46,Category 46,Business great idea great.
47,Category 47,Prepare through individual me be.
48,Category 48,Which training skin community performance wind.
49,Category 49,Always future tell who three get deep full.
50,Category 50,Nothing so management.
