employee_id,employee_name,phone_number,email_address,address
1,Brian Mcguire,675.672.1653,tlee@yahoo.com,West Fernando
2,Patrick Craig,001-586-286-1295x9777,annjennings@johnson.com,Klinechester
3,Melinda Johnson,925-874-4856,elizabethbrown@palmer.com,Jenniferchester
4,Michael Hensley,187.839.2211x827,lisasmith@hotmail.com,North Luis
5,Patrick Peterson,787-418-3698x072,xhiggins@campbell.com,West Craigview
6,Angela Jones,070.909.9738x0072,brownandrew@herman.com,East Sarah
7,James King,(160)937-6756,vtownsend@price-patterson.net,Lake Paul
8,Erica Shelton,001-648-134-0916x8550,ocox@smith.com,New Candacetown
9,Karen Anthony,892-938-8310,natalieshelton@alvarez.biz,East Stephen
10,Jessica Miller,329.121.0240,katherinebond@yahoo.com,Bethstad
11,Edgar Gibson,606.189.0565,david84@hotmail.com,North Ruthfort
12,Patricia Cole,+1-142-099-9677x6622,cjuarez@chavez.com,Port Bobby
13,Edward Cox,589-313-0554,emiller@thompson-dean.com,Port Michael
14,David Martinez,(946)571-7513,palmerchristopher@gmail.com,North Sean
15,Jason Mitchell,+1-635-513-9721x59069,zacharynguyen@gmail.com,Marcusmouth
16,Shannon Jones,(149)281-4704,balljim@lambert.com,Johnhaven
17,Diane Price,001-289-767-0936x54545,kwheeler@murphy.com,Lisaville
18,Eric Henderson,001-691-149-6082,dlucas@gmail.com,Port Cameron
19,Trevor Sandoval,001-599-404-1932x5043,courtney73@yahoo.com,East Morgan
20,Mary Spencer,5324618989,ecrawford@yahoo.com,West David
21,Nicole Mays,936.753.3203,gonzalesjoseph@fisher.biz,Morseshire
22,Matthew Buchanan,090.336.0169x722,patriciaschneider@navarro-king.com,South Hector
23,Judith Carpenter,(037)243-9520,mark91@hotmail.com,North Maria
24,Darrell Garcia,+1-397-417-3569x624,ejones@turner-gonzales.org,Port Holly
25,Jerome Chen,(272)147-0936x635,tiffanygonzalez@hendricks-foster.org,Meghanchester
26,Thomas Hudson,(401)198-6197,calvinmartinez@hotmail.com,West Richardport
27,Kelly Banks,(265)797-8517x962,laurengutierrez@hines.org,East Stephenton
28,Joseph Bennett,606.380.7817x36440,amandarobinson@jones.com,New Mary
29,Kelly Mayo,728.346.3706x18981,tbishop@hotmail.com,Atkinsonberg
30,Patricia Hunter,000.855.1545,loricoleman@hotmail.com,Hernandezside
31,Kaitlyn Duke,001-829-341-3653x9344,carol10@hotmail.com,South Pamelaland
32,Brianna Singh,8416961439,rking@gmail.com,South Christopherfort
33,Stacey Martin,171.409.9432x5485,ambersmith@hotmail.com,Thomasbury
34,Sandra Haley,3651929388,jrose@hotmail.com,Jamesburgh
35,Leonard Hobbs,+1-057-898-8008x6206,elizabeth61@ortiz-mclaughlin.com,New Jessicaview
36,Brian Christensen,+1-421-081-6023,nelsonbenjamin@yahoo.com,Fisherchester
37,Bryan Brown,015-106-8769,destiny01@gmail.com,Lake Brittanyside
38,Michael Ortega,+1-579-467-0812x72386,grayadam@dennis-rollins.net,New Ronaldland
39,James Franklin,255-397-7519x92612,flowersrita@frost.org,East Jasonberg
40,Earl Beard,6650471376,kevinbrown@hotmail.com,Bennettport
41,Paula Downs,322.063.6556x00313,lritter@smith.net,West Sara
42,Rebecca Vasquez,(555)788-6045,fitzgeraldcameron@gmail.com,New Stevenchester
43,Micheal Herrera,(666)012-3311,christina04@nunez-berg.com,Boydtown
44,Linda Lopez,465-305-5389,chadkidd@hill-ferguson.info,Lake Jeffrey
45,Michelle Castillo,545-512-6586x00598,wattscarol@yahoo.com,North Charles
46,Kelli Robinson,(004)180-9219x0698,ohuang@hotmail.com,Sheilafurt
47,Angela Gutierrez,001-352-288-5452x812,lauramarquez@yahoo.com,West Josephview
48,Elizabeth Leonard,9358397313,bobby15@gmail.com,South Melissashire
49,Kellie Johnson,(249)698-1777x0452,christopher36@oconnell.com,Port Thomas
50,Michelle Smith,+1-919-043-8237x55225,washingtonjames@elliott.biz,Kramerport
